序号,链接,节点数
0,https://gitlab.com/colloq168/nodefiltrate/-/raw/main/filtrate?ref_type=heads,23
1,https://raw.githubusercontent.com/Alvin9999/pac2/master/clash.meta2/1/config.yaml,0
2,https://raw.githubusercontent.com/Alvin9999/pac2/master/clash.meta2/13/config.yaml,0
3,https://raw.githubusercontent.com/Alvin9999/pac2/master/clash.meta2/15/config.yaml,0
4,https://raw.githubusercontent.com/Alvin9999/pac2/master/clash.meta2/2/config.yaml,0
5,https://raw.githubusercontent.com/Alvin9999/pac2/master/clash.meta2/config.yaml,0
6,https://raw.githubusercontent.com/Huibq/TrojanLinks/master/links/vmess,0
7,https://raw.githubusercontent.com/Surfboardv2ray/TGParse/main/python/hy2,8
8,https://raw.githubusercontent.com/Surfboardv2ray/TGParse/main/python/hysteria2,18
9,https://raw.githubusercontent.com/abshare/abshare.github.io/main/README.md,58
10,https://raw.githubusercontent.com/mianfeifq/share/main/README.md,0
11,https://raw.githubusercontent.com/mksshare/mksshare.github.io/main/README.md,69
12,https://raw.githubusercontent.com/qjlxg/hy2/main/splitted/hy2,16
13,https://raw.githubusercontent.com/ripaojiedian/freenode/main/clash,24
14,https://raw.githubusercontent.com/ripaojiedian/freenode/main/sub,23
15,https://raw.githubusercontent.com/zhangkaiitugithub/passcro/main/speednodes.yaml,54
16,dynamic://peasoft,5

总计,,119
